Species,Flyway,North-South,East-West,Year,Size,Type,Foraging
mall,Atlantic,12.4316964,-5.010169,2021,medium,duck,generalist
mall,Atlantic,18.8471647,2.533858,2020,medium,duck,generalist
mall,Atlantic,-5.9472592,-31.760572,2019,medium,duck,generalist
mall,Atlantic,52.4913595,46.287507,2018,medium,duck,generalist
mall,Atlantic,4.6765297,6.760813,2017,medium,duck,generalist
mall,Atlantic,-33.0650239,-23.76665,2016,medium,duck,generalist
mall,Atlantic,-22.3799552,-20.096685,2015,medium,duck,generalist
mall,Atlantic,42.3279397,34.805482,2014,medium,duck,generalist
mall,Atlantic,17.1581403,-20.426029,2013,medium,duck,generalist
mall,Atlantic,1.9594943,-8.103494,2012,medium,duck,generalist
mall,Atlantic,15.4907676,23.116032,2011,medium,duck,generalist
mall,Atlantic,33.9528851,16.130902,2010,medium,duck,generalist
mall,Atlantic,31.2828521,33.337606,2009,medium,duck,generalist
mall,Atlantic,-29.3809422,50.26379,2008,medium,duck,generalist
mall,Mississippi,-66.0480121,48.670146,2021,medium,duck,generalist
mall,Mississippi,-29.2380168,-79.525575,2020,medium,duck,generalist
mall,Mississippi,40.8760802,23.34991,2019,medium,duck,generalist
mall,Mississippi,192.6871733,-14.63973,2018,medium,duck,generalist
mall,Mississippi,125.6149451,-188.196216,2017,medium,duck,generalist
mall,Mississippi,34.21355,-18.088878,2016,medium,duck,generalist
mall,Mississippi,18.9033106,-13.461989,2015,medium,duck,generalist
mall,Mississippi,134.5298594,-13.803205,2014,medium,duck,generalist
mall,Mississippi,75.2673688,86.487557,2013,medium,duck,generalist
mall,Mississippi,36.0888828,-33.678716,2012,medium,duck,generalist
mall,Mississippi,211.4068189,11.784281,2011,medium,duck,generalist
mall,Mississippi,45.2762581,-210.518979,2010,medium,duck,generalist
mall,Mississippi,16.4954395,-154.615638,2009,medium,duck,generalist
mall,Mississippi,14.7313166,-104.679812,2008,medium,duck,generalist
mall,Central,-79.8659414,21.45319,2021,medium,duck,generalist
mall,Central,79.7358591,-37.575906,2020,medium,duck,generalist
mall,Central,-146.0599682,-80.084012,2019,medium,duck,generalist
mall,Central,-11.2946917,-5.078411,2018,medium,duck,generalist
mall,Central,34.5012691,-279.486952,2017,medium,duck,generalist
mall,Central,162.6773458,-326.425663,2016,medium,duck,generalist
mall,Central,18.3055243,-194.56846,2015,medium,duck,generalist
mall,Central,40.6597547,-206.629303,2014,medium,duck,generalist
mall,Central,263.0713268,-91.768989,2013,medium,duck,generalist
mall,Central,58.8916373,50.698365,2012,medium,duck,generalist
mall,Central,-66.2537071,-68.793761,2011,medium,duck,generalist
mall,Central,118.2631033,-106.614455,2010,medium,duck,generalist
mall,Central,-143.1397482,-228.725707,2009,medium,duck,generalist
mall,Central,-33.1125148,-91.123058,2008,medium,duck,generalist
mall,Pacific,-50.1107822,-7.09424,2021,medium,duck,generalist
mall,Pacific,15.3712705,-13.518244,2020,medium,duck,generalist
mall,Pacific,17.0249241,33.564904,2019,medium,duck,generalist
mall,Pacific,-8.1393779,3.331746,2018,medium,duck,generalist
mall,Pacific,80.2708271,-10.891353,2017,medium,duck,generalist
mall,Pacific,41.6603113,50.228364,2016,medium,duck,generalist
mall,Pacific,160.1335758,91.662415,2015,medium,duck,generalist
mall,Pacific,-8.1492062,-119.350606,2014,medium,duck,generalist
mall,Pacific,-20.9394312,5.656946,2013,medium,duck,generalist
mall,Pacific,12.9669879,-28.600652,2012,medium,duck,generalist
mall,Pacific,-0.1966762,104.178528,2011,medium,duck,generalist
mall,Pacific,-278.646482,148.579872,2010,medium,duck,generalist
mall,Pacific,-89.6120509,91.544482,2009,medium,duck,generalist
mall,Pacific,276.7555586,134.354402,2008,medium,duck,generalist
nosh,Atlantic,-31.05967,-29.7284217,2021,small,duck,wetland.obligate
nosh,Atlantic,45.327146,36.793594,2020,small,duck,wetland.obligate
nosh,Atlantic,208.097549,114.5190508,2019,small,duck,wetland.obligate
nosh,Atlantic,234.148352,130.7259373,2018,small,duck,wetland.obligate
nosh,Atlantic,62.306555,-0.5676223,2017,small,duck,wetland.obligate
nosh,Atlantic,-27.822484,-57.5596473,2016,small,duck,wetland.obligate
nosh,Atlantic,-112.118795,-112.0577558,2015,small,duck,wetland.obligate
nosh,Atlantic,-52.084647,11.6277613,2014,small,duck,wetland.obligate
nosh,Atlantic,13.395142,41.8979577,2013,small,duck,wetland.obligate
nosh,Atlantic,-10.580034,19.7540513,2012,small,duck,wetland.obligate
nosh,Atlantic,60.148622,63.9614093,2011,small,duck,wetland.obligate
nosh,Atlantic,89.725502,39.4679186,2010,small,duck,wetland.obligate
nosh,Atlantic,-72.071812,-5.0773484,2009,small,duck,wetland.obligate
nosh,Atlantic,127.654724,87.2727929,2008,small,duck,wetland.obligate
nosh,Mississippi,-162.566089,-11.8074811,2021,small,duck,wetland.obligate
nosh,Mississippi,232.219736,65.2713495,2020,small,duck,wetland.obligate
nosh,Mississippi,-93.808394,-42.0444663,2019,small,duck,wetland.obligate
nosh,Mississippi,497.081495,269.672815,2018,small,duck,wetland.obligate
nosh,Mississippi,271.958444,52.9822223,2017,small,duck,wetland.obligate
nosh,Mississippi,178.993597,40.8194935,2016,small,duck,wetland.obligate
nosh,Mississippi,-150.143157,-66.3905405,2015,small,duck,wetland.obligate
nosh,Mississippi,205.133593,126.3377933,2014,small,duck,wetland.obligate
nosh,Mississippi,49.965518,41.6273144,2013,small,duck,wetland.obligate
nosh,Mississippi,278.488101,55.3413706,2012,small,duck,wetland.obligate
nosh,Mississippi,-17.134588,-26.0718275,2011,small,duck,wetland.obligate
nosh,Mississippi,279.406222,137.2412504,2010,small,duck,wetland.obligate
nosh,Mississippi,-13.503552,-19.0946021,2009,small,duck,wetland.obligate
nosh,Mississippi,36.934862,-49.2812663,2008,small,duck,wetland.obligate
nosh,Central,39.722889,-67.2294746,2021,small,duck,wetland.obligate
nosh,Central,1.239441,-30.2346114,2020,small,duck,wetland.obligate
nosh,Central,-126.923169,79.4455738,2019,small,duck,wetland.obligate
nosh,Central,-45.529239,-39.885834,2018,small,duck,wetland.obligate
nosh,Central,159.088655,-96.1544422,2017,small,duck,wetland.obligate
nosh,Central,145.899096,-73.3353497,2016,small,duck,wetland.obligate
nosh,Central,29.227001,50.708658,2015,small,duck,wetland.obligate
nosh,Central,-50.23412,81.2812971,2014,small,duck,wetland.obligate
nosh,Central,-93.793777,22.787951,2013,small,duck,wetland.obligate
nosh,Central,116.669514,50.4476818,2012,small,duck,wetland.obligate
nosh,Central,-103.388495,95.0486335,2011,small,duck,wetland.obligate
nosh,Central,-113.589137,48.1566726,2010,small,duck,wetland.obligate
nosh,Central,11.082705,-150.1030934,2009,small,duck,wetland.obligate
nosh,Central,-190.592303,-29.8648076,2008,small,duck,wetland.obligate
nosh,Pacific,-51.744735,41.3788377,2021,small,duck,wetland.obligate
nosh,Pacific,-23.103117,36.3775995,2020,small,duck,wetland.obligate
nosh,Pacific,-50.595551,58.4978656,2019,small,duck,wetland.obligate
nosh,Pacific,-44.423419,68.8022549,2018,small,duck,wetland.obligate
nosh,Pacific,-57.1371,58.5178426,2017,small,duck,wetland.obligate
nosh,Pacific,-33.007973,-19.5324753,2016,small,duck,wetland.obligate
nosh,Pacific,-4.465545,42.0923284,2015,small,duck,wetland.obligate
nosh,Pacific,-45.45316,-2.9490783,2014,small,duck,wetland.obligate
nosh,Pacific,-5.065327,145.0526162,2013,small,duck,wetland.obligate
nosh,Pacific,3.419246,46.7132767,2012,small,duck,wetland.obligate
nosh,Pacific,-89.077244,54.857752,2011,small,duck,wetland.obligate
nosh,Pacific,100.080939,19.7894884,2010,small,duck,wetland.obligate
nosh,Pacific,-20.3899,-125.0299986,2009,small,duck,wetland.obligate
nosh,Pacific,232.926054,36.7869455,2008,small,duck,wetland.obligate
agwt,Atlantic,147.1777008,93.247306,2021,small,duck,generalist
agwt,Atlantic,182.3917871,155.76891,2020,small,duck,generalist
agwt,Atlantic,135.0864863,48.757017,2019,small,duck,generalist
agwt,Atlantic,272.7193284,183.029556,2018,small,duck,generalist
agwt,Atlantic,284.2572797,183.748848,2017,small,duck,generalist
agwt,Atlantic,96.5976504,61.426495,2016,small,duck,generalist
agwt,Atlantic,-100.7736196,-84.094111,2015,small,duck,generalist
agwt,Atlantic,273.488072,240.542214,2014,small,duck,generalist
agwt,Atlantic,110.74255,88.244446,2013,small,duck,generalist
agwt,Atlantic,151.9131518,145.814443,2012,small,duck,generalist
agwt,Atlantic,279.5773748,204.630523,2011,small,duck,generalist
agwt,Atlantic,143.9683833,104.047723,2010,small,duck,generalist
agwt,Atlantic,24.066188,-21.239803,2009,small,duck,generalist
agwt,Atlantic,397.8007847,304.305654,2008,small,duck,generalist
agwt,Mississippi,163.3395076,41.085711,2021,small,duck,generalist
agwt,Mississippi,318.315184,-23.404369,2020,small,duck,generalist
agwt,Mississippi,324.3454354,108.306864,2019,small,duck,generalist
agwt,Mississippi,401.783854,190.034428,2018,small,duck,generalist
agwt,Mississippi,378.885045,78.038325,2017,small,duck,generalist
agwt,Mississippi,494.4017397,131.356974,2016,small,duck,generalist
agwt,Mississippi,145.2354915,26.452113,2015,small,duck,generalist
agwt,Mississippi,407.1561132,104.49713,2014,small,duck,generalist
agwt,Mississippi,63.0650737,145.106938,2013,small,duck,generalist
agwt,Mississippi,231.6223821,79.240669,2012,small,duck,generalist
agwt,Mississippi,166.6689532,69.376666,2011,small,duck,generalist
agwt,Mississippi,546.7202637,220.295858,2010,small,duck,generalist
agwt,Mississippi,243.3932656,154.275893,2009,small,duck,generalist
agwt,Mississippi,344.1294445,234.431753,2008,small,duck,generalist
agwt,Central,27.0864176,-39.469254,2021,small,duck,generalist
agwt,Central,3.4996326,-90.91265,2020,small,duck,generalist
agwt,Central,-20.6755696,-8.906975,2019,small,duck,generalist
agwt,Central,25.3648843,-3.724524,2018,small,duck,generalist
agwt,Central,161.3424547,-108.334996,2017,small,duck,generalist
agwt,Central,222.5896068,-85.549398,2016,small,duck,generalist
agwt,Central,-56.1610836,14.399195,2015,small,duck,generalist
agwt,Central,111.7178411,8.446758,2014,small,duck,generalist
agwt,Central,126.3700458,-506.221482,2013,small,duck,generalist
agwt,Central,48.1948116,-83.179141,2012,small,duck,generalist
agwt,Central,-22.077474,195.874749,2011,small,duck,generalist
agwt,Central,-17.4347754,18.849519,2010,small,duck,generalist
agwt,Central,-22.844657,-8.30053,2009,small,duck,generalist
agwt,Central,118.1348199,-69.496613,2008,small,duck,generalist
agwt,Pacific,-21.5837565,92.696361,2021,small,duck,generalist
agwt,Pacific,10.8899498,70.071549,2020,small,duck,generalist
agwt,Pacific,92.1444627,-218.074705,2019,small,duck,generalist
agwt,Pacific,-10.2054798,62.525627,2018,small,duck,generalist
agwt,Pacific,51.1632574,48.182751,2017,small,duck,generalist
agwt,Pacific,0.1304647,91.812363,2016,small,duck,generalist
agwt,Pacific,104.4173243,16.685593,2015,small,duck,generalist
agwt,Pacific,5.5190038,189.516754,2014,small,duck,generalist
agwt,Pacific,11.0950665,72.751315,2013,small,duck,generalist
agwt,Pacific,-154.7420768,137.439144,2012,small,duck,generalist
agwt,Pacific,-149.1400556,167.127898,2011,small,duck,generalist
agwt,Pacific,-357.1567589,270.925478,2010,small,duck,generalist
agwt,Pacific,-202.1307038,198.663509,2009,small,duck,generalist
agwt,Pacific,-67.8695847,137.822898,2008,small,duck,generalist
nopi,Atlantic,198.524141,5.995607,2021,medium,duck,generalist
nopi,Atlantic,255.296258,21.860039,2020,medium,duck,generalist
nopi,Atlantic,370.450548,59.51571,2019,medium,duck,generalist
nopi,Atlantic,644.815038,197.182553,2018,medium,duck,generalist
nopi,Atlantic,520.742021,155.779953,2017,medium,duck,generalist
nopi,Atlantic,338.82525,96.854937,2016,medium,duck,generalist
nopi,Atlantic,136.222897,16.840665,2015,medium,duck,generalist
nopi,Atlantic,438.181733,266.177724,2014,medium,duck,generalist
nopi,Atlantic,502.973285,210.277949,2013,medium,duck,generalist
nopi,Atlantic,464.251412,128.005913,2012,medium,duck,generalist
nopi,Atlantic,125.835488,34.432743,2011,medium,duck,generalist
nopi,Atlantic,397.010903,188.125933,2010,medium,duck,generalist
nopi,Atlantic,524.8952,257.459989,2009,medium,duck,generalist
nopi,Atlantic,73.002608,42.686197,2008,medium,duck,generalist
nopi,Mississippi,156.506445,231.933966,2021,medium,duck,generalist
nopi,Mississippi,181.75995,158.48691,2020,medium,duck,generalist
nopi,Mississippi,375.934505,400.889733,2019,medium,duck,generalist
nopi,Mississippi,263.914042,-36.278978,2018,medium,duck,generalist
nopi,Mississippi,342.040289,141.611047,2017,medium,duck,generalist
nopi,Mississippi,239.318465,-3.174876,2016,medium,duck,generalist
nopi,Mississippi,301.295608,-29.799978,2015,medium,duck,generalist
nopi,Mississippi,329.909732,138.221846,2014,medium,duck,generalist
nopi,Mississippi,614.423165,296.140631,2013,medium,duck,generalist
nopi,Mississippi,490.805727,299.36312,2012,medium,duck,generalist
nopi,Mississippi,394.512373,53.107432,2011,medium,duck,generalist
nopi,Mississippi,420.261159,236.264455,2010,medium,duck,generalist
nopi,Mississippi,360.170316,118.788893,2009,medium,duck,generalist
nopi,Mississippi,560.590476,253.037358,2008,medium,duck,generalist
nopi,Central,270.423786,-170.05213,2021,medium,duck,generalist
nopi,Central,227.088487,112.954866,2020,medium,duck,generalist
nopi,Central,234.145855,-216.465017,2019,medium,duck,generalist
nopi,Central,291.266249,73.579389,2018,medium,duck,generalist
nopi,Central,413.373833,-9.430695,2017,medium,duck,generalist
nopi,Central,415.736546,-12.020731,2016,medium,duck,generalist
nopi,Central,505.128579,29.560259,2015,medium,duck,generalist
nopi,Central,383.740462,-80.128201,2014,medium,duck,generalist
nopi,Central,274.309362,-255.374313,2013,medium,duck,generalist
nopi,Central,378.348261,-110.627761,2012,medium,duck,generalist
nopi,Central,36.792812,219.066519,2011,medium,duck,generalist
nopi,Central,432.506429,-32.589353,2010,medium,duck,generalist
nopi,Central,176.764999,-281.074969,2009,medium,duck,generalist
nopi,Central,60.642737,-85.857148,2008,medium,duck,generalist
nopi,Pacific,-51.232304,42.248975,2021,medium,duck,generalist
nopi,Pacific,33.606962,56.763294,2020,medium,duck,generalist
nopi,Pacific,22.398016,76.088277,2019,medium,duck,generalist
nopi,Pacific,4.877826,81.348685,2018,medium,duck,generalist
nopi,Pacific,15.988606,216.945133,2017,medium,duck,generalist
nopi,Pacific,43.635591,138.503546,2016,medium,duck,generalist
nopi,Pacific,276.067489,-37.274321,2015,medium,duck,generalist
nopi,Pacific,160.189356,117.991033,2014,medium,duck,generalist
nopi,Pacific,117.382427,36.134741,2013,medium,duck,generalist
nopi,Pacific,-64.979174,208.430601,2012,medium,duck,generalist
nopi,Pacific,2.993331,251.905673,2011,medium,duck,generalist
nopi,Pacific,-282.911234,185.676513,2010,medium,duck,generalist
nopi,Pacific,50.517991,131.350704,2009,medium,duck,generalist
nopi,Pacific,19.34413,30.374942,2008,medium,duck,generalist
gadw,Atlantic,-144.8217867,-105.174657,2021,small,duck,wetland.obligate
gadw,Atlantic,-33.7143356,8.022012,2020,small,duck,wetland.obligate
gadw,Atlantic,-11.1841521,-77.535919,2019,small,duck,wetland.obligate
gadw,Atlantic,156.8052113,140.489282,2018,small,duck,wetland.obligate
gadw,Atlantic,-54.0086019,-1.866685,2017,small,duck,wetland.obligate
gadw,Atlantic,-52.7332205,5.200447,2016,small,duck,wetland.obligate
gadw,Atlantic,-13.8392592,-6.535253,2015,small,duck,wetland.obligate
gadw,Atlantic,-18.7414122,18.833985,2014,small,duck,wetland.obligate
gadw,Atlantic,170.6401688,185.534069,2013,small,duck,wetland.obligate
gadw,Atlantic,-20.9891055,90.994603,2012,small,duck,wetland.obligate
gadw,Atlantic,-126.6283758,-18.221859,2011,small,duck,wetland.obligate
gadw,Atlantic,-20.0722844,-13.426415,2010,small,duck,wetland.obligate
gadw,Atlantic,66.3798173,150.241216,2009,small,duck,wetland.obligate
gadw,Atlantic,-147.8951128,-35.953688,2008,small,duck,wetland.obligate
gadw,Mississippi,274.6148532,383.310295,2021,small,duck,wetland.obligate
gadw,Mississippi,226.0614368,47.566867,2020,small,duck,wetland.obligate
gadw,Mississippi,-652.2755345,-308.403317,2019,small,duck,wetland.obligate
gadw,Mississippi,-24.3876386,-208.739895,2018,small,duck,wetland.obligate
gadw,Mississippi,526.8318871,-138.645677,2017,small,duck,wetland.obligate
gadw,Mississippi,240.8504451,-33.804997,2016,small,duck,wetland.obligate
gadw,Mississippi,168.5068615,181.662413,2015,small,duck,wetland.obligate
gadw,Mississippi,170.2050585,63.157242,2014,small,duck,wetland.obligate
gadw,Mississippi,-305.2574797,111.675658,2013,small,duck,wetland.obligate
gadw,Mississippi,319.813392,50.512186,2012,small,duck,wetland.obligate
gadw,Mississippi,99.4459885,150.772098,2011,small,duck,wetland.obligate
gadw,Mississippi,325.7315706,297.23188,2010,small,duck,wetland.obligate
gadw,Mississippi,0.4005617,102.823779,2009,small,duck,wetland.obligate
gadw,Mississippi,-18.2215422,104.479018,2008,small,duck,wetland.obligate
gadw,Central,110.2307328,-196.567181,2021,small,duck,wetland.obligate
gadw,Central,45.3399825,16.725676,2020,small,duck,wetland.obligate
gadw,Central,-371.5758904,236.91466,2019,small,duck,wetland.obligate
gadw,Central,-36.5621571,-13.816498,2018,small,duck,wetland.obligate
gadw,Central,321.8688166,-212.236823,2017,small,duck,wetland.obligate
gadw,Central,194.433791,138.266286,2016,small,duck,wetland.obligate
gadw,Central,-297.6630554,52.621052,2015,small,duck,wetland.obligate
gadw,Central,47.0188041,-31.512142,2014,small,duck,wetland.obligate
gadw,Central,-76.6268749,-83.944854,2013,small,duck,wetland.obligate
gadw,Central,62.7707894,-107.454047,2012,small,duck,wetland.obligate
gadw,Central,-8.3325573,436.829709,2011,small,duck,wetland.obligate
gadw,Central,7.724052,-2.425577,2010,small,duck,wetland.obligate
gadw,Central,-268.5629788,123.248607,2009,small,duck,wetland.obligate
gadw,Central,498.8092452,-281.565718,2008,small,duck,wetland.obligate
gadw,Pacific,102.3487505,-102.856626,2021,small,duck,wetland.obligate
gadw,Pacific,136.386716,20.943711,2020,small,duck,wetland.obligate
gadw,Pacific,-5.7956507,36.203505,2019,small,duck,wetland.obligate
gadw,Pacific,-140.3799566,33.780444,2018,small,duck,wetland.obligate
gadw,Pacific,76.4724994,50.642946,2017,small,duck,wetland.obligate
gadw,Pacific,147.0407386,-34.033563,2016,small,duck,wetland.obligate
gadw,Pacific,38.6941298,31.400422,2015,small,duck,wetland.obligate
gadw,Pacific,-95.9213701,21.684841,2014,small,duck,wetland.obligate
gadw,Pacific,144.5619734,-9.646962,2013,small,duck,wetland.obligate
gadw,Pacific,18.278003,145.757074,2012,small,duck,wetland.obligate
gadw,Pacific,-31.3731117,148.035054,2011,small,duck,wetland.obligate
gadw,Pacific,-6.3066694,-140.868021,2010,small,duck,wetland.obligate
gadw,Pacific,74.9085567,-59.793529,2009,small,duck,wetland.obligate
gadw,Pacific,95.1998311,-173.842883,2008,small,duck,wetland.obligate
gwfg,Atlantic,-269.0721959,-307.2028135,2021,large,goose,grubbing
gwfg,Atlantic,254.7841219,311.3460749,2020,large,goose,grubbing
gwfg,Atlantic,343.4493543,-63.32192216,2019,large,goose,grubbing
gwfg,Atlantic,159.0100585,61.93001958,2018,large,goose,grubbing
gwfg,Atlantic,-0.7150481,-79.34611796,2017,large,goose,grubbing
gwfg,Atlantic,-82.5374738,-111.2301204,2016,large,goose,grubbing
gwfg,Atlantic,-432.5731983,-609.4985123,2015,large,goose,grubbing
gwfg,Atlantic,6.8381423,-32.687064,2014,large,goose,grubbing
gwfg,Atlantic,37.7348525,-69.90670929,2013,large,goose,grubbing
gwfg,Atlantic,-88.5605892,-147.8412588,2012,large,goose,grubbing
gwfg,Atlantic,-19.8278332,-199.6408108,2011,large,goose,grubbing
gwfg,Atlantic,-61.8881023,31.50234287,2010,large,goose,grubbing
gwfg,Atlantic,331.2899263,583.45368,2009,large,goose,grubbing
gwfg,Atlantic,-570.8751041,-50.99154626,2008,large,goose,grubbing
gwfg,Mississippi,-28.0499501,-35.904132,2021,large,goose,grubbing
gwfg,Mississippi,56.7051623,-19.14828674,2020,large,goose,grubbing
gwfg,Mississippi,136.2620544,90.06121923,2019,large,goose,grubbing
gwfg,Mississippi,294.118232,-32.82080496,2018,large,goose,grubbing
gwfg,Mississippi,307.5111582,-194.1233711,2017,large,goose,grubbing
gwfg,Mississippi,212.9957313,-101.7344248,2016,large,goose,grubbing
gwfg,Mississippi,76.2167976,-79.84164841,2015,large,goose,grubbing
gwfg,Mississippi,113.1267286,-59.23996464,2014,large,goose,grubbing
gwfg,Mississippi,347.2446523,43.36615924,2013,large,goose,grubbing
gwfg,Mississippi,128.7464953,-94.96213184,2012,large,goose,grubbing
gwfg,Mississippi,556.3307261,46.94958801,2011,large,goose,grubbing
gwfg,Mississippi,598.2097502,7.08920328,2010,large,goose,grubbing
gwfg,Mississippi,58.749457,2.83003302,2009,large,goose,grubbing
gwfg,Mississippi,429.4191833,164.9299296,2008,large,goose,grubbing
gwfg,Central,3.1284143,32.39779522,2021,large,goose,grubbing
gwfg,Central,538.6070903,-7.10057424,2020,large,goose,grubbing
gwfg,Central,150.4500062,37.48753712,2019,large,goose,grubbing
gwfg,Central,181.1221381,-29.69496937,2018,large,goose,grubbing
gwfg,Central,572.090627,8.79663034,2017,large,goose,grubbing
gwfg,Central,524.0475874,-0.09621091,2016,large,goose,grubbing
gwfg,Central,725.9904399,-123.5684409,2015,large,goose,grubbing
gwfg,Central,399.9149004,63.49352795,2014,large,goose,grubbing
gwfg,Central,426.8929975,-36.99829248,2013,large,goose,grubbing
gwfg,Central,696.7996119,-66.59379079,2012,large,goose,grubbing
gwfg,Central,-22.1594388,-126.3184595,2011,large,goose,grubbing
gwfg,Central,735.2258317,-111.1982202,2010,large,goose,grubbing
gwfg,Central,392.7032612,31.93788775,2009,large,goose,grubbing
gwfg,Central,-53.0485455,139.6252284,2008,large,goose,grubbing
gwfg,Pacific,9.7035974,23.89221237,2021,large,goose,grubbing
gwfg,Pacific,59.4509169,32.31302653,2020,large,goose,grubbing
gwfg,Pacific,26.2924703,35.44901663,2019,large,goose,grubbing
gwfg,Pacific,14.290759,55.22912087,2018,large,goose,grubbing
gwfg,Pacific,62.0123269,35.83862402,2017,large,goose,grubbing
gwfg,Pacific,74.4731857,57.33826018,2016,large,goose,grubbing
gwfg,Pacific,120.9653141,54.91786785,2015,large,goose,grubbing
gwfg,Pacific,115.0620763,79.95869171,2014,large,goose,grubbing
gwfg,Pacific,141.835479,31.72373207,2013,large,goose,grubbing
gwfg,Pacific,140.9957715,63.32299721,2012,large,goose,grubbing
gwfg,Pacific,66.3435388,21.73775535,2011,large,goose,grubbing
gwfg,Pacific,146.3503368,105.0480925,2010,large,goose,grubbing
gwfg,Pacific,-31.5725064,9.19737232,2009,large,goose,grubbing
gwfg,Pacific,-38.1988637,32.69027844,2008,large,goose,grubbing
lsng,Atlantic,-52.30998,-18.252316,2021,large,goose,grubbing
lsng,Atlantic,31.47955,-64.360955,2020,large,goose,grubbing
lsng,Atlantic,47.58209,-46.350046,2019,large,goose,grubbing
lsng,Atlantic,45.27856,-74.192334,2018,large,goose,grubbing
lsng,Atlantic,61.13631,-51.097366,2017,large,goose,grubbing
lsng,Atlantic,27.28157,-40.983139,2016,large,goose,grubbing
lsng,Atlantic,-71.52056,15.129302,2015,large,goose,grubbing
lsng,Atlantic,14.58798,5.384799,2014,large,goose,grubbing
lsng,Atlantic,49.58666,-24.893882,2013,large,goose,grubbing
lsng,Atlantic,23.44603,-40.809514,2012,large,goose,grubbing
lsng,Atlantic,62.55023,-18.688022,2011,large,goose,grubbing
lsng,Atlantic,-91.84169,-30.107154,2010,large,goose,grubbing
lsng,Atlantic,206.63885,-35.951067,2009,large,goose,grubbing
lsng,Atlantic,-11.38106,-13.976513,2008,large,goose,grubbing
lsng,Mississippi,172.57214,-30.800174,2021,large,goose,grubbing
lsng,Mississippi,191.92868,-321.16161,2020,large,goose,grubbing
lsng,Mississippi,168.30417,-37.33065,2019,large,goose,grubbing
lsng,Mississippi,193.83559,68.226653,2018,large,goose,grubbing
lsng,Mississippi,161.07554,-130.0933,2017,large,goose,grubbing
lsng,Mississippi,119.71706,-31.139968,2016,large,goose,grubbing
lsng,Mississippi,203.00292,-129.907025,2015,large,goose,grubbing
lsng,Mississippi,23.34203,-15.056712,2014,large,goose,grubbing
lsng,Mississippi,430.443,-367.778319,2013,large,goose,grubbing
lsng,Mississippi,194.0141,-342.91652,2012,large,goose,grubbing
lsng,Mississippi,13.89121,-173.482813,2011,large,goose,grubbing
lsng,Mississippi,504.02095,-7.954138,2010,large,goose,grubbing
lsng,Mississippi,329.44591,227.503921,2009,large,goose,grubbing
lsng,Mississippi,592.77081,-78.183177,2008,large,goose,grubbing
lsng,Central,86.24242,-100.257041,2021,large,goose,grubbing
lsng,Central,254.49145,82.395753,2020,large,goose,grubbing
lsng,Central,81.08756,62.803285,2019,large,goose,grubbing
lsng,Central,311.35201,-31.161494,2018,large,goose,grubbing
lsng,Central,-16.15014,37.913343,2017,large,goose,grubbing
lsng,Central,541.85779,13.964014,2016,large,goose,grubbing
lsng,Central,408.22485,-103.841425,2015,large,goose,grubbing
lsng,Central,176.60571,-51.509286,2014,large,goose,grubbing
lsng,Central,488.46285,152.813061,2013,large,goose,grubbing
lsng,Central,148.88899,76.865681,2012,large,goose,grubbing
lsng,Central,133.73665,-532.339877,2011,large,goose,grubbing
lsng,Central,321.59734,71.741619,2010,large,goose,grubbing
lsng,Central,318.15767,-86.200389,2009,large,goose,grubbing
lsng,Central,72.80223,67.802909,2008,large,goose,grubbing
lsng,Pacific,-34.32435,49.452219,2021,large,goose,grubbing
lsng,Pacific,143.76523,67.944781,2020,large,goose,grubbing
lsng,Pacific,-65.68073,110.316154,2019,large,goose,grubbing
lsng,Pacific,36.04559,86.245654,2018,large,goose,grubbing
lsng,Pacific,268.71578,-5.482997,2017,large,goose,grubbing
lsng,Pacific,139.26484,75.965523,2016,large,goose,grubbing
lsng,Pacific,250.50307,76.717757,2015,large,goose,grubbing
lsng,Pacific,134.08522,248.243188,2014,large,goose,grubbing
lsng,Pacific,209.17264,20.614973,2013,large,goose,grubbing
lsng,Pacific,283.26197,264.835332,2012,large,goose,grubbing
lsng,Pacific,566.06338,-190.543088,2011,large,goose,grubbing
lsng,Pacific,-41.12579,105.376734,2010,large,goose,grubbing
lsng,Pacific,696.75831,-214.436552,2009,large,goose,grubbing
lsng,Pacific,-187.58614,77.199574,2008,large,goose,grubbing
